"Início dos relatórios","Encerramento dos relatórios","Nome do anúncio","Veiculação de anúncio","Configuração de atribuição",Resultados,"Indicador de resultados","Custo por resultados","Orçamento do conjunto de anúncios","Tipo de orçamento do conjunto de anúncios","Valor gasto (BRL)",Impressões,Alcance,"CTR (taxa de cliques no link)","Cliques no link","Resultados (iniciais)","Indicador de resultados (inicial)"
2026-09-01,2026-09-30,,0,"Clique de 7 dias ou visualização de 1 dia",,,,0,0,439.29,16747,7780,,,,
2026-09-01,2026-09-30,"AN | TODA HISTÓRIA QUE CRESCE | 01 — Cópia",inactive,"Clique de 7 dias ou visualização de 1 dia",,,,10,Diário,0.48,27,26,3.703704,1,,
2026-09-01,2026-09-30,"AN | CASO RITA | 01",inactive,"Clique de 7 dias ou visualização de 1 dia",,,,10,Diário,0.48,32,27,,,,
2026-09-01,2026-09-30,"AN | Dermaclinic Health Institute | 01",not_delivering,"Clique de 7 dias ou visualização de 1 dia",4,actions:onsite_conversion.messaging_conversation_started_7d,4.4375,10,Diário,17.75,512,349,0.78125,4,,
2026-09-01,2026-09-30,"AN | NOVOS SERVIÇOS | 01",inactive,"Clique de 7 dias ou visualização de 1 dia",1,actions:onsite_conversion.messaging_conversation_started_7d,10.08,10,Diário,10.08,445,359,1.797753,8,,
2026-09-01,2026-09-30,"AN | NOVOS SERVIÇOS | 01",not_delivering,"Clique de 7 dias ou visualização de 1 dia",,,,10,Diário,2.09,182,137,2.197802,4,,
2026-09-01,2026-09-30,"AN | PORQUE ACREDITAMOS NA DERMACLINIC | 01",not_delivering,"Clique de 7 dias ou visualização de 1 dia",,,,10,Diário,3.5,190,177,3.157895,6,,
2026-09-01,2026-09-30,"AN | CASO RITA | 01",not_delivering,"Clique de 7 dias ou visualização de 1 dia",,,,10,Diário,0.02,4,4,,,,
2026-09-01,2026-09-30,"AN | DRA EODA | 01",not_delivering,"Clique de 7 dias ou visualização de 1 dia",1,actions:onsite_conversion.messaging_conversation_started_7d,3.32,10,Diário,3.32,189,178,1.058201,2,,
2026-09-01,2026-09-30,"AN | CASO RENITA | 01",not_delivering,"Clique de 7 dias ou visualização de 1 dia",,,,10,Diário,0.04,2,2,,,,
2026-09-01,2026-09-30,"AN | XERF | 01",inactive,"Clique de 7 dias ou visualização de 1 dia",1,actions:onsite_conversion.messaging_conversation_started_7d,31.41,10,Diário,31.41,820,667,0.853659,7,,
2026-09-01,2026-09-30,"AN | CUIDADOS COM A PELE | 01",not_delivering,"Clique de 7 dias ou visualização de 1 dia",,,,10,Diário,0.57,22,17,,,,
2026-09-01,2026-09-30,"AN | AQUAPURE | 01",not_delivering,"Clique de 7 dias ou visualização de 1 dia",3,actions:onsite_conversion.messaging_conversation_started_7d,1.70666667,10,Diário,5.12,140,107,3.571429,5,,
2026-09-01,2026-09-30,"AN | CAIXA MISTERIOSA | 01",inactive,"Clique de 7 dias ou visualização de 1 dia",,,,10,Diário,7.08,291,269,0.687285,2,,
2026-09-01,2026-09-30,"AN | CAIXA MISTERIOSA | 01 — Cópia",not_delivering,"Clique de 7 dias ou visualização de 1 dia",,,,10,Diário,0.4,29,28,,,,
2026-09-01,2026-09-30,"AN | AQUAPURE | 01 — Cópia",inactive,"Clique de 7 dias ou visualização de 1 dia",1,actions:onsite_conversion.messaging_conversation_started_7d,19.47,10,Diário,19.47,679,553,1.178203,8,,
2026-09-01,2026-09-30,"AN | XERF | 01 — Cópia",not_delivering,"Clique de 7 dias ou visualização de 1 dia",,,,10,Diário,2.16,48,40,,,,
2026-09-01,2026-09-30,"AN | CUIDADOS COM A PELE | 01 — Cópia",not_delivering,"Clique de 7 dias ou visualização de 1 dia",,,,10,Diário,0.23,7,7,,,,
2026-09-01,2026-09-30,"AN | LASER CO2 | 01",not_delivering,"Clique de 7 dias ou visualização de 1 dia",36,actions:onsite_conversion.messaging_conversation_started_7d,4.15583333,10,Diário,149.61,5510,3594,1.197822,66,,
2026-09-01,2026-09-30,"AN | LASER CO2 | 01",not_delivering,"Clique de 7 dias ou visualização de 1 dia",27,actions:onsite_conversion.messaging_conversation_started_7d,5.11518519,10,Diário,138.11,5897,3484,0.949635,56,,
2026-09-01,2026-09-30,"AN | LASER CO2 | 02",not_delivering,"Clique de 7 dias ou visualização de 1 dia",8,actions:onsite_conversion.messaging_conversation_started_7d,2.96375,10,Diário,23.71,856,588,1.168224,10,,
2026-09-01,2026-09-30,"AN | LASER CO2 | 02",not_delivering,"Clique de 7 dias ou visualização de 1 dia",4,actions:onsite_conversion.messaging_conversation_started_7d,5.915,10,Diário,23.66,865,561,0.578035,5,,
