"Início dos relatórios","Encerramento dos relatórios","Nome do anúncio","Veiculação de anúncio",Resultados,"Indicador de resultados",Alcance,Frequência,"Custo por resultados","Orçamento do conjunto de anúncios","Tipo de orçamento do conjunto de anúncios","Valor gasto (BRL)",Impressões,"CPM (custo por 1.000 impressões) (BRL)","Cliques no link","CPC (custo por clique no link) (BRL)","CTR (taxa de cliques no link)","Cliques (todos)","CTR (todos)","CPC (todos) (BRL)","Visualizações da página de destino","Custo por visualização da página de destino (BRL)","Resultados (iniciais)","Indicador de resultados (inicial)"
2026-09-01,2026-09-30,,0,,,7780,2.152571,,0,0,439.29,16747,26.230967,,,,641,3.827551,0.68532,,,,
2026-09-01,2026-09-30,"AN | TODA HISTÓRIA QUE CRESCE | 01 — Cópia",inactive,,,26,1.038462,,10,Diário,0.48,27,17.777778,1,0.48,3.703704,2,7.407407,0.24,,,,
2026-09-01,2026-09-30,"AN | CASO RITA | 01",inactive,,,27,1.185185,,10,Diário,0.48,32,15,,,,0,0,0,,,,
2026-09-01,2026-09-30,"AN | Dermaclinic Health Institute | 01",not_delivering,4,actions:onsite_conversion.messaging_conversation_started_7d,349,1.467049,4.4375,10,Diário,17.75,512,34.667969,4,4.4375,0.78125,14,2.734375,1.267857,,,,
2026-09-01,2026-09-30,"AN | NOVOS SERVIÇOS | 01",inactive,1,actions:onsite_conversion.messaging_conversation_started_7d,359,1.239554,10.08,10,Diário,10.08,445,22.651685,8,1.26,1.797753,14,3.146067,0.72,,,,
2026-09-01,2026-09-30,"AN | NOVOS SERVIÇOS | 01",not_delivering,,,137,1.328467,,10,Diário,2.09,182,11.483516,4,0.5225,2.197802,7,3.846154,0.298571,,,,
2026-09-01,2026-09-30,"AN | PORQUE ACREDITAMOS NA DERMACLINIC | 01",not_delivering,,,177,1.073446,,10,Diário,3.5,190,18.421053,6,0.583333,3.157895,7,3.684211,0.5,,,,
2026-09-01,2026-09-30,"AN | CASO RITA | 01",not_delivering,,,4,1,,10,Diário,0.02,4,5,,,,0,0,0,,,,
2026-09-01,2026-09-30,"AN | DRA EODA | 01",not_delivering,1,actions:onsite_conversion.messaging_conversation_started_7d,178,1.061798,3.32,10,Diário,3.32,189,17.566138,2,1.66,1.058201,9,4.761905,0.368889,,,,
2026-09-01,2026-09-30,"AN | CASO RENITA | 01",not_delivering,,,2,1,,10,Diário,0.04,2,20,,,,0,0,0,,,,
2026-09-01,2026-09-30,"AN | XERF | 01",inactive,1,actions:onsite_conversion.messaging_conversation_started_7d,667,1.229385,31.41,10,Diário,31.41,820,38.304878,7,4.487143,0.853659,25,3.04878,1.2564,,,,
2026-09-01,2026-09-30,"AN | CUIDADOS COM A PELE | 01",not_delivering,,,17,1.294118,,10,Diário,0.57,22,25.909091,,,,0,0,0,,,,
2026-09-01,2026-09-30,"AN | AQUAPURE | 01",not_delivering,3,actions:onsite_conversion.messaging_conversation_started_7d,107,1.308411,1.70666667,10,Diário,5.12,140,36.571429,5,1.024,3.571429,11,7.857143,0.465455,,,,
2026-09-01,2026-09-30,"AN | CAIXA MISTERIOSA | 01",inactive,,,269,1.081784,,10,Diário,7.08,291,24.329897,2,3.54,0.687285,5,1.718213,1.416,,,,
2026-09-01,2026-09-30,"AN | CAIXA MISTERIOSA | 01 — Cópia",not_delivering,,,28,1.035714,,10,Diário,0.4,29,13.793103,,,,0,0,0,,,,
2026-09-01,2026-09-30,"AN | AQUAPURE | 01 — Cópia",inactive,1,actions:onsite_conversion.messaging_conversation_started_7d,553,1.227848,19.47,10,Diário,19.47,679,28.674521,8,2.43375,1.178203,28,4.123711,0.695357,,,,
2026-09-01,2026-09-30,"AN | XERF | 01 — Cópia",not_delivering,,,40,1.2,,10,Diário,2.16,48,45,,,,1,2.083333,2.16,,,,
2026-09-01,2026-09-30,"AN | CUIDADOS COM A PELE | 01 — Cópia",not_delivering,,,7,1,,10,Diário,0.23,7,32.857143,,,,0,0,0,,,,
2026-09-01,2026-09-30,"AN | LASER CO2 | 01",not_delivering,36,actions:onsite_conversion.messaging_conversation_started_7d,3594,1.533111,4.15583333,10,Diário,149.61,5510,27.15245,66,2.266818,1.197822,245,4.446461,0.610653,,,,
2026-09-01,2026-09-30,"AN | LASER CO2 | 01",not_delivering,27,actions:onsite_conversion.messaging_conversation_started_7d,3484,1.692595,5.11518519,10,Diário,138.11,5897,23.420383,56,2.46625,0.949635,198,3.357639,0.697525,,,,
2026-09-01,2026-09-30,"AN | LASER CO2 | 02",not_delivering,8,actions:onsite_conversion.messaging_conversation_started_7d,588,1.455782,2.96375,10,Diário,23.71,856,27.698598,10,2.371,1.168224,31,3.621495,0.764839,,,,
2026-09-01,2026-09-30,"AN | LASER CO2 | 02",not_delivering,4,actions:onsite_conversion.messaging_conversation_started_7d,561,1.541889,5.915,10,Diário,23.66,865,27.352601,5,4.732,0.578035,44,5.086705,0.537727,,,,
